Date,Open,High,Low,Close,Adj Close,Volume,SMA2,SMA5,SMA10,SMA25,SMA50,SMA90,SMA120,SMA180,EWMA,middle_band,upper_band,lower_band
2019-06-20,38.5,42.0,38.25,38.619998931884766,38.619998931884766,137364200,,,,,,,,,,,,
2019-06-21,38.880001068115234,40.25,36.599998474121094,37.220001220703125,37.220001220703125,42874100,37.920000076293945,,,,,,,,,,,
2019-06-24,36.31999969482422,36.970001220703125,35.349998474121094,35.7599983215332,35.7599983215332,16944500,36.489999771118164,,,,,,,,,,,
2019-06-25,35.189998626708984,36.13999938964844,34.810001373291016,35.20000076293945,35.20000076293945,10116600,35.47999954223633,,,,,,,,,,,
2019-06-26,36.209999084472656,37.599998474121094,35.849998474121094,37.189998626708984,37.189998626708984,19132500,36.19499969482422,36.79799957275391,,,,,,,,,,
2019-06-27,37.77000045776367,38.220001220703125,36.20000076293945,36.25,36.25,11298600,36.71999931335449,36.32399978637695,,,,,,,,,,
2019-06-28,36.72999954223633,37.5,36.25,37.5,37.5,8709000,36.875,36.37999954223633,,,,,,,,,,
2019-07-01,38.18000030517578,38.439998626708984,35.939998626708984,36.54999923706055,36.54999923706055,9390100,37.02499961853027,36.5379997253418,,,,,,,,,,
2019-07-02,36.11000061035156,36.9900016784668,35.7599983215332,36.54999923706055,36.54999923706055,3190400,36.54999923706055,36.80799942016601,,,,,,,,,,
2019-07-03,36.279998779296875,36.459999084472656,35.79999923706055,36.0,36.0,3170700,36.27499961853027,36.56999969482422,36.683999633789064,,,,,,,,,
2019-07-05,35.79999923706055,36.099998474121094,35.459999084472656,35.52000045776367,35.52000045776367,3437700,35.760000228881836,36.42399978637695,36.373999786376956,,,,,,,,,
2019-07-08,35.150001525878906,35.540000915527344,34.95000076293945,35.0,35.0,4238400,35.260000228881836,35.92399978637695,36.15199966430664,,,,,,,,,
2019-07-09,34.630001068115234,35.65999984741211,34.459999084472656,35.63999938964844,35.63999938964844,4400100,35.31999969482422,35.741999816894534,36.13999977111816,,,,,,,,,
2019-07-10,35.599998474121094,36.439998626708984,34.97999954223633,35.189998626708984,35.189998626708984,4986500,35.41499900817871,35.46999969482422,36.13899955749512,,,,,,,,,
2019-07-11,35.04999923706055,35.5,34.900001525878906,35.0,35.0,4449700,35.09499931335449,35.26999969482422,35.91999969482422,,,,,,,,,
2019-07-12,34.66999816894531,34.9900016784668,33.369998931884766,33.72999954223633,33.72999954223633,14968000,34.364999771118164,34.91199951171875,35.66799964904785,,,,,,,,,
2019-07-15,34.0,35.209999084472656,33.939998626708984,34.75,34.75,8528400,34.239999771118164,34.86199951171875,35.39299964904785,,,,,,,,,
2019-07-16,34.56999969482422,35.150001525878906,34.20000076293945,34.400001525878906,34.400001525878906,5821500,34.57500076293945,34.613999938964845,35.177999877929686,,,,,,,,,
2019-07-17,34.779998779296875,35.0,33.400001525878906,33.459999084472656,33.459999084472656,4468800,33.93000030517578,34.26800003051758,34.8689998626709,,,,,,,,,
2019-07-18,33.400001525878906,33.540000915527344,31.93000030517578,32.0,32.0,6851600,32.72999954223633,33.668000030517575,34.4689998626709,,,,,,32.42654117703527,35.57649974822998,38.638664336117294,32.51433516034266
2019-07-19,32.04999923706055,32.95000076293945,31.219999313354492,31.299999237060547,31.299999237060547,5727700,31.649999618530273,33.18199996948242,34.04699974060058,,,,,,31.581634722054037,35.21049976348877,38.48356355884503,31.93743596813251
2019-07-22,31.229999542236328,33.349998474121094,31.18000030517578,33.25,33.25,3850800,32.27499961853027,32.88199996948242,33.871999740600586,,,,,,32.832908680513576,35.011999702453615,38.25330918837424,31.77069021653299
2019-07-23,33.599998474121094,34.939998626708984,33.45000076293945,33.939998626708984,33.939998626708984,7629400,33.59499931335449,32.789999389648436,33.70199966430664,,,,,,33.66322614016014,34.920999717712405,38.17605177646047,31.665947658964342
2019-07-24,34.02000045776367,34.15999984741211,33.209999084472656,34.099998474121094,34.099998474121094,3780700,34.01999855041504,32.917999267578125,33.592999649047854,,,,,,33.990805390630854,34.86599960327148,38.138329523470155,31.593669683072807
2019-07-25,34.16999816894531,34.29999923706055,33.529998779296875,33.720001220703125,33.720001220703125,3483000,33.90999984741211,33.26199951171875,33.464999771118165,35.113599700927736,,,,,33.787702263185054,34.69249973297119,37.81032544257639,31.574674023365993
2019-07-26,33.720001220703125,34.209999084472656,33.33000183105469,34.09000015258789,34.09000015258789,4356700,33.90500068664551,33.81999969482422,33.50099983215332,34.93239974975586,,,,,34.01442568023718,34.584499740600585,37.62381736429364,31.545182116907526
2019-07-29,34.099998474121094,34.130001068115234,32.5,33.0099983215332,33.0099983215332,5056400,33.54999923706055,33.77199935913086,33.32699966430664,34.76399963378906,,,,,33.2611051612092,34.359999656677246,37.145254152712006,31.574745160642482
2019-07-30,32.59000015258789,32.79999923706055,32.1349983215332,32.58000183105469,32.58000183105469,2808400,32.795000076293945,33.5,33.14499969482422,34.63679977416992,,,,,32.750277663593316,34.16149978637695,36.85390831537869,31.469091257375208
2019-07-31,32.81999969482422,34.0,32.79999923706055,33.41999816894531,33.41999816894531,3539600,33.0,33.363999938964845,33.14099960327148,34.56559967041016,,,,,33.252568042607315,34.00499973297119,36.46683910529614,31.543160360646247
2019-08-01,33.29999923706055,33.33000183105469,31.93000030517578,32.0,32.0,5374400,32.709999084472656,33.01999969482422,33.14099960327148,34.3579997253418,,,,,32.31314201065183,33.80499973297119,36.234125634483206,31.37587383145917
2019-08-02,31.799999237060547,31.850000381469727,30.770000457763672,30.8700008392334,30.8700008392334,5259900,31.4350004196167,32.37599983215332,33.09799976348877,34.14279975891113,,,,,31.230786132088003,33.57249975204468,36.19306482823965,30.951934675849706
2019-08-05,29.3799991607666,31.43000030517578,29.100000381469727,31.389999389648438,31.389999389648438,5923100,31.130000114440918,32.05200004577637,32.91199970245361,33.89839973449707,,,,,31.35019607525833,33.3919997215271,36.09458763983335,30.689411803220846
2019-08-06,31.479999542236328,32.22999954223633,30.729999542236328,30.84000015258789,30.84000015258789,3940300,31.114999771118164,31.703999710083007,32.601999855041505,33.669999771118164,,,,,30.967549133255503,33.15199975967407,35.86652643451597,30.437473084832167
2019-08-07,30.190000534057617,31.079999923706055,30.049999237060547,30.770000457763672,30.770000457763672,2301200,30.80500030517578,31.17400016784668,32.26900005340576,33.43879981994629,,,,,30.81938762663663,32.93099985122681,35.66652726796216,30.195472434491457
2019-08-08,30.920000076293945,31.670000076293945,30.625,31.530000686645508,31.530000686645508,1728000,31.15000057220459,31.08000030517578,32.05,33.25999984741211,,,,,31.35234742164329,32.757499885559085,35.37825774936896,30.13674202174921
2019-08-09,31.229999542236328,31.450000762939453,30.639999389648438,30.780000686645508,30.780000686645508,1712200,31.155000686645508,31.062000274658203,31.71900005340576,33.070399856567384,,,,,30.923087370394956,32.60999994277954,35.330463865890074,29.889536019669006
2019-08-12,30.459999084472656,32.130001068115234,30.235000610351562,31.170000076293945,31.170000076293945,2813800,30.975000381469727,31.018000411987305,31.535000228881835,32.91719985961914,,,,,31.1082718998192,32.43099994659424,35.02684959731228,29.835150295876204
2019-08-13,30.829999923706055,31.790000915527344,30.75,31.25,31.25,2127900,31.210000038146973,31.100000381469727,31.40200004577637,32.74159988403321,,,,,31.2145679749548,32.27349987030029,34.74562814015241,29.801371600448174
2019-08-14,30.520000457763672,30.812999725341797,29.920000076293945,30.760000228881836,30.760000228881836,3234400,31.005000114440918,31.09800033569336,31.13600025177002,32.56439994812012,,,,,30.873642165400078,32.138499927520755,34.63260402595569,29.64439582908582
2019-08-15,30.079999923706055,30.75,30.010000228881836,30.15999984741211,30.15999984741211,2434800,30.460000038146973,30.82400016784668,30.952000236511232,32.3707999420166,,,,,30.338410426909103,32.04649991989136,34.693191509690244,29.399808330092476
2019-08-16,30.31999969482422,30.354999542236328,29.90999984741211,30.0,30.0,2615000,30.079999923706055,30.66800003051758,30.86500015258789,32.22159996032715,,,,,30.084602606727277,31.98149995803833,34.765667092938,29.197332823138662
2019-08-19,30.56999969482422,31.5,30.299999237060547,31.139999389648438,31.139999389648438,2874600,30.56999969482422,30.661999893188476,30.84000015258789,32.077199935913086,,,,,30.87615019391815,31.875999927520752,34.617358109454926,29.134641745586578
2019-08-20,31.09000015258789,31.100000381469727,30.309999465942383,30.5,30.5,2226900,30.81999969482422,30.511999893188477,30.8060001373291,31.921199874877928,,,,,30.594037548479537,31.703999996185303,34.329304705540466,29.078695286830143
2019-08-21,30.639999389648438,31.389999389648438,30.440000534057617,30.799999237060547,30.799999237060547,2072000,30.649999618530273,30.519999694824218,30.80900001525879,31.814799880981447,,,,,30.748508814915297,31.539000034332275,33.935048395085275,29.142951673579276
2019-08-22,32.189998626708984,32.47999954223633,30.194000244140625,30.549999237060547,30.549999237060547,4959100,30.674999237060547,30.597999572753906,30.71099987030029,31.756799850463867,,,,,30.599626631524234,31.380499935150148,33.58044670827694,29.18055316202336
2019-08-23,30.520000457763672,30.639999389648438,29.969999313354492,30.049999237060547,30.049999237060547,3977700,30.299999237060547,30.607999420166017,30.637999725341796,31.706799850463867,,,,,30.18740608567647,31.17849988937378,33.04801420182899,29.308985576918563
2019-08-26,30.34000015258789,31.139999389648438,30.219999313354492,30.969999313354492,30.969999313354492,3689500,30.50999927520752,30.573999404907227,30.617999649047853,31.615599822998046,,,,,30.774351006434987,31.076499938964844,32.73609114207134,29.41690873585835
2019-08-27,31.209999084472656,31.270000457763672,29.65999984741211,29.90999984741211,29.90999984741211,3269900,30.4399995803833,30.45599937438965,30.48399963378906,31.454399871826173,,,,,30.12608763716783,30.942999839782715,32.52090071461126,29.365098964954168
2019-08-28,29.59000015258789,29.799999237060547,28.5,29.799999237060547,29.799999237060547,5233600,29.854999542236328,30.25599937438965,30.387999534606934,31.28239990234375,,,,,29.88152133708737,30.761999893188477,31.91750143415025,29.606498352226705
2019-08-29,30.0,30.190000534057617,29.360000610351562,29.979999542236328,29.979999542236328,3359500,29.889999389648438,30.141999435424804,30.369999504089357,31.132799835205077,33.12319976806641,,,,29.95537999094909,30.660999870300294,31.709003817158028,29.61299592344256
2019-08-30,29.940000534057617,30.209999084472656,28.25,28.639999389648438,28.639999389648438,4668600,29.309999465942383,29.859999465942384,30.2339994430542,30.9147998046875,32.92359977722168,,,,28.9688445399736,30.549499797821046,31.926689882129796,29.172309713512295
2019-09-03,28.389999389648438,29.219999313354492,27.90999984741211,28.760000228881836,28.760000228881836,6052000,28.699999809265137,29.41799964904785,29.99599952697754,30.744799880981446,32.75439975738525,,,,28.812211306654774,30.417999839782716,31.950738968450025,28.885260711115407
2019-09-04,29.239999771118164,31.280000686645508,28.940000534057617,31.06999969482422,31.06999969482422,13472700,29.914999961853027,29.649999618530273,30.05299949645996,30.684399795532226,32.66059978485107,,,,30.505552597781858,30.42949981689453,31.97893084530784,28.88006878848122
2019-09-05,26.469999313354492,31.209999084472656,26.0,30.010000228881836,30.010000228881836,43956900,30.539999961853027,29.69199981689453,29.97399959564209,30.547999877929687,32.556799774169924,,,,30.13388832110684,30.39149980545044,31.94304624159001,28.83995336931087
2019-09-06,29.75,29.979999542236328,27.299999237060547,27.3799991607666,27.3799991607666,15019200,28.69499969482422,29.171999740600587,29.656999588012695,30.363199844360352,32.360599784851075,,,,28.068471450851664,30.183999729156493,32.149303181007454,28.218696277305536
2019-09-09,27.579999923706055,27.600000381469727,23.93000030517578,24.920000076293945,24.920000076293945,29281800,26.149999618530273,28.427999877929686,29.143999671936037,30.125199813842773,32.133999786376954,,,,25.707117919933378,29.890999698638915,32.93398918168508,26.84801021559275
2019-09-10,24.809999465942383,26.860000610351562,24.5,26.75,26.75,15140200,25.835000038146973,28.02599983215332,28.721999740600587,29.939599838256836,31.918999786376954,,,,26.48927947998334,29.66999969482422,32.95432277106164,26.385676618586803
2019-09-11,26.260000228881836,26.260000228881836,25.149999618530273,25.25,25.25,7759200,26.0,26.861999893188475,28.255999755859374,29.71599983215332,31.692999801635743,,,,25.559819869995838,29.36999969482422,33.11101537920284,25.6289840104456
2019-09-12,25.549999237060547,25.899999618530273,25.0,25.6200008392334,25.6200008392334,5540900,25.4350004196167,25.98400001525879,27.83799991607666,29.50999984741211,31.4743998336792,,,,25.60495559692401,29.112999725341798,33.14671558862573,25.079283862057864
2019-09-13,25.6200008392334,25.695999145507812,24.360000610351562,24.489999771118164,24.489999771118164,6592300,25.05500030517578,25.4060001373291,27.288999938964842,29.228399810791014,31.24419982910156,,,,24.768738727569623,28.8294997215271,33.32405963066622,24.33493981238798
2019-09-16,24.25,26.209999084472656,24.200000762939453,26.100000381469727,26.100000381469727,8264600,25.295000076293945,25.642000198364258,27.035000038146972,29.041199798583985,31.055799827575683,,,,25.767184967994698,28.634499740600585,33.25196481377051,24.017034667430657
2019-09-17,26.0,27.40999984741211,25.775999069213867,26.219999313354492,26.219999313354492,8047600,26.15999984741211,25.536000061035157,26.78099994659424,28.843199768066405,30.880199813842772,,,,26.106795727014546,28.38849973678589,32.968011003940724,23.808988469631053
2019-09-18,26.260000228881836,26.75,24.940000534057617,25.709999084472656,25.709999084472656,5481600,25.964999198913574,25.62799987792969,26.244999885559082,28.62159973144531,30.681599807739257,,,,25.80919824510813,28.14899969100952,32.76442835474944,23.5335710272696
2019-09-19,25.81999969482422,25.959999084472656,24.989999771118164,25.719999313354492,25.719999313354492,6447000,25.714999198913574,25.647999572753907,25.81599979400635,28.41999969482422,30.49219982147217,,,,25.7422990462929,27.894999694824218,32.45494631485078,23.335053074797656
2019-09-20,25.850000381469727,26.100000381469727,25.049999237060547,25.3700008392334,25.3700008392334,9361200,25.545000076293945,25.82399978637695,25.614999961853027,28.22839973449707,30.299599838256835,,,,25.463075390998274,27.635999774932863,32.149191318664954,23.12280823120077
2019-09-23,25.209999084472656,25.2450008392334,23.700000762939453,24.15999984741211,24.15999984741211,13344700,24.765000343322754,25.43599967956543,25.538999938964842,27.994799728393556,30.108199844360353,,,,24.485768733308653,27.34149980545044,31.958923159088705,22.724076451812174
2019-09-24,23.899999618530273,24.40999984741211,23.020000457763672,23.200000762939453,23.200000762939453,10589900,23.68000030517578,24.83199996948242,25.18400001525879,27.677199783325197,29.87719985961914,,,,23.521442755531755,26.952999877929688,31.59242371451535,22.313576041344028
2019-09-25,23.0,23.239999771118164,21.43000030517578,22.729999542236328,22.729999542236328,13027600,22.96500015258789,24.236000061035156,24.931999969482423,27.36639976501465,29.643799819946288,,,,22.927860345560187,26.5939998626709,31.37889863166349,21.809101093678308
2019-09-26,22.40999984741211,22.940000534057617,21.959999084472656,22.6299991607666,22.6299991607666,5559600,22.679999351501465,23.618000030517578,24.63299980163574,27.03959976196289,29.42719982147217,,,,22.704464456965,26.2354998588562,31.083003646462345,21.387996071250058
2019-09-27,22.510000228881836,22.7549991607666,21.25,22.059999465942383,22.059999465942383,6277000,22.344999313354492,22.955999755859374,24.389999771118163,26.699999771118165,29.228399810791014,,,,22.221115713698037,25.839499855041502,30.693019407165355,20.98598030291765
2019-09-30,22.75,24.405000686645508,22.260000228881836,23.729999542236328,23.729999542236328,12192500,22.894999504089355,22.86999969482422,24.152999687194825,26.447199783325196,29.07699981689453,,,,23.352778585101756,25.5939998626709,30.34674723888101,20.841252486460785
2019-10-01,24.06999969482422,24.06999969482422,22.610000610351562,22.8700008392334,22.8700008392334,8546700,23.300000190734863,22.80399971008301,23.817999839782715,26.12319984436035,28.8693998336792,,,,22.99069527570049,25.299499893188475,29.95517880066391,20.64382098571304
2019-10-02,22.270000457763672,23.489999771118164,22.1200008392334,23.43000030517578,23.43000030517578,6648800,23.15000057220459,22.9439998626709,23.589999961853028,25.863999862670898,28.659199867248535,,,,23.320174047806958,24.917499923706053,28.762819023198876,21.07218082421323
2019-10-03,23.34000015258789,25.420000076293945,22.530000686645508,24.93000030517578,24.93000030517578,16875200,24.18000030517578,23.404000091552735,23.511000061035155,25.66919990539551,28.47579990386963,,,,24.527543740833575,24.663499927520753,27.67268068962963,21.654319165411877
2019-10-04,25.100000381469727,25.209999084472656,24.229999542236328,24.969999313354492,24.969999313354492,6648800,24.949999809265137,23.986000061035156,23.470999908447265,25.468799896240235,28.300799865722656,,,,24.859385420224264,24.542999935150146,27.274347044719807,21.811652825580484
2019-10-07,24.6200008392334,26.280000686645508,24.56999969482422,26.049999237060547,26.049999237060547,7737100,25.50999927520752,24.45,23.65999984741211,25.36519989013672,28.13999984741211,,,,25.752345782851478,24.599499893188476,27.409305797363633,21.78969398901332
2019-10-08,25.829999923706055,26.39699935913086,25.06999969482422,25.700000762939453,25.700000762939453,8026200,25.875,25.01599998474121,23.90999984741211,25.242799911499024,27.993799896240233,,,,25.71308701791746,24.54699993133545,27.22370726944355,21.870292593227347
2019-10-09,25.510000228881836,25.59000015258789,24.40999984741211,24.56999969482422,24.56999969482422,9762700,25.135000228881836,25.243999862670897,24.0939998626709,24.982799911499022,27.833599853515626,,,,24.85577152559753,24.51299991607666,27.169306025488336,21.856693806664982
2019-10-10,24.299999237060547,24.84000015258789,23.270000457763672,23.81999969482422,23.81999969482422,11540000,24.19499969482422,25.021999740600585,24.21299991607666,24.73519989013672,27.6415998840332,,,,24.078942652517547,24.4229998588562,27.043109067289553,21.80289065042285
2019-10-11,24.5,26.360000610351562,24.350000381469727,25.989999771118164,25.989999771118164,15066600,24.90499973297119,25.22599983215332,24.60599994659424,24.67959991455078,27.521399879455565,,,,25.51223549146801,24.4979998588562,27.210431977486532,21.78556774022587
2019-10-14,25.229999542236328,25.540000915527344,24.520000457763672,24.6200008392334,24.6200008392334,8207700,25.30500030517578,24.940000152587892,24.695000076293944,24.66759994506836,27.396399879455565,,,,24.84305950229205,24.423999881744386,27.03111874418928,21.816881019299494
2019-10-15,24.59000015258789,24.979999542236328,24.260000228881836,24.739999771118164,24.739999771118164,5999200,24.68000030517578,24.747999954223634,24.881999969482422,24.587199935913088,27.26339988708496,,,,24.765764703911636,24.34999990463257,26.823046126063698,21.87695368320144
2019-10-16,23.09000015258789,23.799999237060547,22.690000534057617,23.639999389648438,23.639999389648438,14567400,24.1899995803833,24.561999893188478,24.902999877929688,24.522799911499025,27.11939987182617,,,,23.92144071821424,24.246499919891356,26.652241153236186,21.840758686546526
2019-10-17,23.170000076293945,24.0,22.93000030517578,24.0,24.0,6567900,23.81999969482422,24.59799995422363,24.809999847412108,24.457999877929687,26.9839998626709,,,,23.98036017955356,24.16049995422363,26.46530950473897,21.855690403708294
2019-10-18,23.5,23.600000381469727,21.440000534057617,21.809999465942383,21.809999465942383,20142900,22.90499973297119,23.761999893188477,24.493999862670897,24.350799865722657,26.789599838256837,,,,22.35258964434518,23.982499885559083,26.438897685521077,21.52610208559709
2019-10-21,21.93000030517578,22.739999771118164,21.8700008392334,22.579999923706055,22.579999923706055,8547500,22.19499969482422,23.35399971008301,24.14699993133545,24.20999984741211,26.625599822998048,,,,22.523147353865838,23.90349988937378,26.43630188005402,21.37069789869354
2019-10-22,22.520000457763672,22.579999923706055,20.90999984741211,21.030000686645508,21.030000686645508,11267000,21.80500030517578,22.611999893188475,23.679999923706056,24.00239990234375,26.42279983520508,,,,21.40328735345059,23.794999885559083,26.623363733574056,20.96663603754411
2019-10-23,20.729999542236328,21.479999542236328,20.670000076293945,20.84000015258789,20.84000015258789,7690000,20.9350004196167,22.052000045776367,23.306999969482423,23.80759994506836,26.214599838256834,,,,20.980821952803566,23.70049991607666,26.79267995357837,20.608319878574946
2019-10-24,20.950000762939453,21.479999542236328,20.510000228881836,20.979999542236328,20.979999542236328,10296200,20.90999984741211,21.447999954223633,23.022999954223632,23.617999954223635,26.018999824523927,,,,20.980205144878138,23.617999935150145,26.911902373721595,20.324097496578695
2019-10-25,20.75,21.329999923706055,20.219999313354492,20.459999084472656,20.459999084472656,9652000,20.719999313354492,21.177999877929686,22.469999885559083,23.421599884033203,25.824999809265137,29.374555375840927,,,20.590050599574028,23.53799991607666,27.060980768325177,20.015019063828145
2019-10-28,20.510000228881836,21.639999389648438,19.860000610351562,21.469999313354492,21.469999313354492,13072800,20.964999198913574,20.955999755859374,22.15499973297119,23.313999862670897,25.65439979553223,29.183999824523926,,,21.250012134909376,23.424999904632568,27.065083897009593,19.784915912255542
2019-10-29,21.649999618530273,22.780000686645508,21.25,22.5,22.5,11290400,21.984999656677246,21.249999618530275,21.930999755859375,23.28599983215332,25.481599807739258,29.020444255405003,,,22.187503033727346,23.4064998626709,27.062187869623237,19.75081185571856
2019-10-30,22.549999237060547,23.270000457763672,22.010000228881836,23.25,23.25,9806300,22.875,21.731999588012695,21.891999816894533,23.306799850463868,25.33659980773926,28.881444274054633,,,22.984375758431838,23.39749984741211,27.05383048576518,19.74116920905904
2019-10-31,22.959999084472656,23.229999542236328,21.795000076293945,22.0,22.0,5699500,22.625,21.93599967956543,21.69199981689453,23.281599884033202,25.160599822998048,28.73477759891086,,,22.24609393960796,23.25099983215332,26.88350754451117,19.61849211979547
2019-11-01,21.940000534057617,22.18000030517578,21.479999542236328,21.940000534057617,21.940000534057617,5758200,21.97000026702881,22.231999969482423,21.704999923706055,23.276799926757814,24.988399848937988,28.56533317565918,,,22.016523885445203,23.099499893188476,26.682544721402895,19.516455064974057
2019-11-04,21.920000076293945,22.260000228881836,21.610000610351562,21.940000534057617,21.940000534057617,6369200,21.940000534057617,22.326000213623047,21.64099998474121,23.205199966430666,24.82619987487793,28.406333181593155,,,21.959131371904512,22.89399995803833,26.227273568278065,19.560726347798592
2019-11-05,22.0,22.15999984741211,20.709999084472656,20.75,20.75,7118700,21.34500026702881,21.976000213623045,21.61299991607666,23.12039993286133,24.62179988861084,28.22022207048204,,,21.05228284297613,22.646499919891358,25.834432973693183,19.458566866089534
2019-11-06,20.780000686645508,20.950000762939453,20.094999313354492,20.139999389648438,20.139999389648438,8797100,20.44499969482422,21.354000091552734,21.542999839782716,22.988799896240234,24.426399879455566,28.03788873884413,,,20.368070252980363,22.424999904632568,25.66538015774059,19.184619651524546
2019-11-07,20.0,20.549999237060547,19.829999923706055,20.34000015258789,20.34000015258789,7598700,20.239999771118164,21.022000122070313,21.478999900817872,22.80519989013672,24.237199897766114,27.857777637905546,,,20.34701767768601,22.250999927520752,25.549196710395083,18.95280314464642
2019-11-08,19.690000534057617,20.5,19.690000534057617,20.5,20.5,9390500,20.420000076293945,20.73400001525879,21.482999992370605,22.62639991760254,24.047599906921388,27.68555541568332,,,20.461754419421503,21.976499938964842,24.851065741585604,19.10193413634408
2019-11-11,20.15999984741211,20.350000381469727,19.915000915527344,20.1299991607666,20.1299991607666,4510200,20.3149995803833,20.371999740600586,21.348999977111816,22.389599914550782,23.87739990234375,27.514555401272244,,,20.212937975430325,21.751999855041504,24.453396101823948,19.05060360825906
2019-11-12,20.049999237060547,20.799999237060547,19.530000686645508,20.700000762939453,20.700000762939453,6743800,20.414999961853027,20.361999893188475,21.16900005340576,22.189599914550783,23.7161999130249,27.35566652086046,,,20.578235066062174,21.549999904632568,23.89075111028492,19.209248698980215
2019-11-13,20.600000381469727,21.3799991607666,20.600000381469727,21.299999237060547,21.299999237060547,5441800,21.0,20.5939998626709,20.973999977111816,22.058799896240235,23.52079990386963,27.196333185831705,,,21.119558194310954,21.432999897003175,23.55786147430716,19.30813831969919
2019-11-14,21.049999237060547,21.719999313354492,20.899999618530273,21.690000534057617,21.690000534057617,7630800,21.494999885559082,20.863999938964845,20.943000030517577,21.97359992980957,23.354399909973143,27.046333207024468,,,21.54738994912095,21.317499923706055,23.07406231745406,19.56093752995805
2019-11-15,21.649999618530273,23.100000381469727,21.469999313354492,22.860000610351562,22.860000610351562,10510500,22.27500057220459,21.336000061035158,21.035000038146972,21.848399963378906,23.263999938964844,26.911444324917262,,,22.53184794504391,21.369999980926515,23.247165077773747,19.492834884079283
2019-11-18,22.639999389648438,23.549999237060547,22.43000030517578,23.110000610351562,23.110000610351562,10133000,22.985000610351562,21.932000350952148,21.15200004577637,21.787999954223633,23.227799949645995,26.79344433678521,,,22.965462444024652,21.396500015258788,23.358629046714317,19.43437098380326
2019-11-19,22.350000381469727,22.350000381469727,20.639999389648438,21.18000030517578,21.18000030517578,16123800,22.145000457763672,22.028000259399413,21.195000076293944,21.645599975585938,23.11639995574951,26.642666562398276,,,21.626365839888,21.403999996185302,23.361371459664184,19.44662853270642
2019-11-20,20.709999084472656,21.860000610351562,20.68000030517578,21.700000762939453,21.700000762939453,6520500,21.440000534057617,22.108000564575196,21.351000213623045,21.568000030517577,23.0453999710083,26.50155544281006,,,21.681592032176592,21.44700002670288,23.38993486844957,19.504065184956193
2019-11-21,21.5,22.049999237060547,20.940000534057617,21.0,21.0,6814400,21.350000381469727,21.97000045776367,21.417000198364256,21.448000030517576,22.952999954223632,26.36311100853814,,,21.17039800804415,21.448000049591066,23.389943168548424,19.506056930633708
2019-11-22,21.1299991607666,21.389999389648438,20.959999084472656,21.170000076293945,21.170000076293945,4289900,21.085000038146973,21.632000350952147,21.484000205993652,21.42240005493164,22.88659996032715,26.24277767605252,,,21.1700995592315,21.48350009918213,23.374690903364936,19.592309294999325
2019-11-25,21.34000015258789,22.614999771118164,21.25,22.5,22.5,7325600,21.835000038146973,21.510000228881836,21.721000289916994,21.4192000579834,22.814599952697755,26.144999906751845,,,22.167524889807876,21.535000133514405,23.479975161420224,19.590025105608586
2019-11-26,22.329999923706055,22.850000381469727,21.860000610351562,22.09000015258789,22.09000015258789,3857600,22.295000076293945,21.69200019836426,21.860000228881837,21.461600036621093,22.731999969482423,26.020999908447266,,,22.109381336892888,21.5145001411438,23.424986583261692,19.604013699025906
2019-11-27,22.100000381469727,22.68000030517578,22.049999237060547,22.6200008392334,22.6200008392334,3768200,22.355000495910645,21.876000213623048,21.992000389099122,21.532800064086913,22.670200004577637,25.89522215525309,,,22.49234596364827,21.483000183105467,23.29103078965013,19.674969576560805
2019-11-29,22.59000015258789,23.350000381469727,22.520000457763672,22.81999969482422,22.81999969482422,3146000,22.72000026702881,22.24000015258789,22.105000305175782,21.60640007019043,22.61220001220703,25.769888835483126,,,22.738086262030233,21.52400016784668,23.41660564630348,19.63139468938988
2019-12-02,22.829999923706055,22.829999923706055,20.920000076293945,22.510000228881836,22.510000228881836,9238400,22.664999961853027,22.50800018310547,22.07000026702881,21.688400115966797,22.555,25.645333268907336,,,22.567021737168936,21.55250015258789,23.488159074490525,19.616841230685253
2019-12-03,21.760000228881836,22.68000030517578,21.450000762939453,22.56999969482422,22.56999969482422,5765000,22.539999961853027,22.522000122070313,22.016000175476073,21.732400131225585,22.523199996948243,25.517333263821072,,,22.5692552054104,21.58400011062622,23.56615668577385,19.60184353547859
2019-12-04,22.209999084472656,22.649999618530273,21.510000228881836,21.65999984741211,21.65999984741211,14466800,22.114999771118164,22.436000061035156,22.064000129699707,21.69880012512207,22.492399978637696,25.39122216966417,,,21.887313686911682,21.629500102996825,23.572438846200946,19.686561359792705
2019-12-05,22.200000762939453,22.829999923706055,20.665000915527344,22.780000686645508,22.780000686645508,34188600,22.22000026702881,22.46800003051758,22.172000122070312,21.68000015258789,22.493400001525877,25.282333268059624,,,22.55682893671205,21.76150016784668,23.63586242765725,19.88713790803611
2019-12-06,22.459999084472656,23.139999389648438,22.110000610351562,22.5,22.5,17866500,22.640000343322754,22.404000091552735,22.322000122070314,21.70000015258789,22.490800018310548,25.160999955071343,,,22.514207234178013,21.869500160217285,23.645320248095388,20.093680072339183
2019-12-09,22.389999389648438,23.06999969482422,22.290000915527344,23.0,23.0,9296800,22.75,22.502000045776366,22.505000114440918,21.742400131225587,22.5096000289917,25.060999955071342,27.486916557947794,,22.878551808544504,21.994500160217285,23.715534113541043,20.273466206893527
2019-12-10,22.520000457763672,22.90999984741211,22.1200008392334,22.25,22.25,10076400,22.625,22.438000106811522,22.48000011444092,21.754800109863282,22.480000038146972,24.96522216796875,27.35049990018209,,22.40713795213613,22.100500202178956,23.58256816628584,20.618432238072074
2019-12-11,21.75,21.950000762939453,20.59000015258789,20.75,20.75,21980200,21.5,22.256000137329103,22.346000099182127,21.754800109863282,22.437600021362304,24.84699995252821,27.21324989000956,,21.164284488034035,22.103000164031982,23.575257507754735,20.63074282030923
2019-12-12,20.809999465942383,20.969999313354492,20.200000762939453,20.899999618530273,20.899999618530273,10754700,20.824999809265137,21.879999923706055,22.173999977111816,21.785200119018555,22.387000007629396,24.736555502149795,27.089416567484538,,20.966070835906216,22.08300018310547,23.611000103759277,20.55500026245166
2019-12-13,20.920000076293945,21.448999404907227,20.670000076293945,21.389999389648438,21.389999389648438,8054700,21.144999504089355,21.657999801635743,22.03099994659424,21.827200088500977,22.316199989318847,24.632333268059625,26.974333222707113,,21.28401725121288,22.06800012588501,23.617976301556496,20.518023950213525
2019-12-16,21.700000762939453,21.93000030517578,21.34000015258789,21.40999984741211,21.40999984741211,9159500,21.399999618530273,21.339999771118165,21.920999908447264,21.86360008239746,22.245,24.519888814290365,26.842833232879638,,21.378504198362304,21.995500087738037,23.52500628103997,20.465993894436103
2019-12-17,21.530000686645508,21.690000534057617,20.579999923706055,20.709999084472656,20.709999084472656,10502800,21.059999465942383,21.031999588012695,21.73499984741211,21.886800079345704,22.13819999694824,24.407999907599557,26.713333225250246,,20.87712536294507,21.875500011444093,23.413406977775935,20.33759304511225
2019-12-18,20.510000228881836,21.475000381469727,20.149999618530273,21.1299991607666,21.1299991607666,10768900,20.91999912261963,21.107999420166017,21.68199977874756,21.904000015258788,22.046799964904785,24.296444341871474,26.576916551589967,,21.06678071131122,21.872999954223634,23.415822139114308,20.33017776933296
2019-12-19,21.059999465942383,21.489999771118164,20.93000030517578,21.229999542236328,21.229999542236328,9005300,21.179999351501465,21.173999404907228,21.52699966430664,21.90120002746582,21.97999996185303,24.185111003451876,26.44924988746643,,21.189194834505052,21.849499893188476,23.41752930682668,20.281470479550272
2019-12-20,21.200000762939453,21.520000457763672,20.889999389648438,21.510000228881836,21.510000228881836,9835700,21.369999885559082,21.197999572753908,21.427999687194824,21.89400001525879,21.933799972534178,24.0823332256741,26.323916562398274,,21.429798880287642,21.874999904632567,23.400882364859115,20.34911744440602
2019-12-23,21.229999542236328,21.760000228881836,21.100000381469727,21.530000686645508,21.530000686645508,6928200,21.520000457763672,21.221999740600587,21.280999755859376,21.840800018310546,21.844599990844728,23.986444346110027,26.20333323478699,,21.504950235056043,21.892999935150147,23.39212436536441,20.393875504935885
2019-12-24,21.5,21.520000457763672,21.260000228881836,21.350000381469727,21.350000381469727,2890300,21.440000534057617,21.35,21.19099979400635,21.770400009155274,21.77919998168945,23.890333239237467,26.08524990081787,,21.388737844866306,21.835499954223632,23.324781042000605,20.34621886644666
2019-12-26,21.420000076293945,22.010000228881836,21.31999969482422,22.0,22.0,5450400,21.675000190734863,21.52400016784668,21.31599979400635,21.80319999694824,21.72439998626709,23.788777690463597,25.976916567484537,,21.847184461216575,21.83099994659424,23.317584599249123,20.344415293939356
2019-12-27,22.049999237060547,22.079999923706055,21.610000610351562,22.0,22.0,4877100,22.0,21.678000259399415,21.42599983215332,21.815199966430665,21.69159999847412,23.694333246019152,25.863249905904134,,21.961796115304146,21.799999904632568,23.242512677364576,20.35748713190056
2019-12-30,22.15999984741211,22.3700008392334,21.6299991607666,22.209999084472656,22.209999084472656,8517000,22.104999542236328,21.818000030517577,21.50799980163574,21.86359992980957,21.655799980163575,23.598888799879287,25.755083243052166,,22.14794834218053,21.76949987411499,23.14546647720177,20.393533271028215
2019-12-31,21.889999389648438,22.5,21.889999389648438,22.479999542236328,22.479999542236328,6060400,22.344999313354492,22.00799980163574,21.614999771118164,21.915999908447265,21.669199981689452,23.509222136603462,25.650749905904135,,22.39698674222238,21.767999839782714,23.140628776629548,20.39537090293588
2020-01-02,22.31999969482422,23.15999984741211,22.139999389648438,23.020000457763672,23.020000457763672,11672300,22.75,22.341999816894532,21.845999908447265,21.936799926757814,21.677999992370605,23.43111103905572,25.561499913533527,,22.86424702887835,21.790499877929687,23.231530224765613,20.34946953109376
2020-01-03,22.5,22.920000076293945,22.3799991607666,22.459999084472656,22.459999084472656,6765400,22.739999771118164,22.433999633789064,21.978999900817872,21.951599884033204,21.70659996032715,23.33655548095703,25.45908323923747,,22.56106107057408,21.830499839782714,23.300401317184054,20.360598362381374
2020-01-06,22.31999969482422,23.65999984741211,22.15999984741211,23.520000457763672,23.520000457763672,12528700,22.989999771118164,22.737999725341798,22.207999992370606,21.987599868774414,21.760199966430665,23.265555487738716,25.36841656366984,,23.280265610966275,21.867499828338623,23.469365824108536,20.26563383256871
2020-01-07,23.530000686645508,23.950000762939453,23.219999313354492,23.829999923706055,23.829999923706055,9948100,23.675000190734863,23.061999893188478,22.439999961853026,22.027999877929688,21.81719997406006,23.199222162034776,25.288166570663453,,23.69256634552111,21.933999824523926,23.743407104167634,20.12459254488022
2020-01-08,23.610000610351562,24.260000228881836,23.25,23.770000457763672,23.770000457763672,7522700,23.800000190734863,23.320000076293944,22.663999938964842,22.07839988708496,21.883400001525878,23.130222172207304,25.219583241144814,,23.750641929703033,21.97249984741211,23.905927769013108,20.03907192581111
2020-01-09,23.770000457763672,23.959999084472656,22.5,23.170000076293945,23.170000076293945,11306800,23.47000026702881,23.35,22.845999908447265,22.10239990234375,21.91740001678467,23.06944440205892,25.151833248138427,,23.315160539646218,22.018499851226807,24.02222597047732,20.014773731976295
2020-01-10,23.350000381469727,23.440000534057617,22.760000228881836,23.1200008392334,23.1200008392334,5633800,23.145000457763672,23.48200035095215,22.957999992370606,22.160799942016602,21.929800033569336,23.006777742173938,25.067416588465374,,23.168790764336606,22.136999893188477,24.10485897937757,20.169140806999383
2020-01-13,23.190000534057617,23.510000228881836,22.81999969482422,23.200000762939453,23.200000762939453,5829400,23.160000801086426,23.418000411987304,23.07800006866455,22.17759994506836,21.928800048828126,22.91933330959744,24.977916606267293,,23.19219826328874,22.251999950408937,24.183976330131788,20.320023570686086
2020-01-14,22.940000534057617,22.940000534057617,21.90999984741211,22.280000686645508,22.280000686645508,10466400,22.74000072479248,23.108000564575196,23.085000228881835,22.16879997253418,21.934400062561036,22.833444425794813,24.879416624704998,,22.508050080806317,22.29650001525879,24.185396347714327,20.407603682803252
2020-01-15,22.399999618530273,23.229999542236328,22.21500015258789,22.329999923706055,22.329999923706055,7991900,22.30500030517578,22.820000457763673,23.07000026702881,22.141999969482423,21.942200050354003,22.777333323160807,24.78449994723002,,22.374512462981123,22.342500019073487,24.1847288821849,20.500271155962075
2020-01-16,22.549999237060547,23.29599952697754,22.549999237060547,22.969999313354492,22.969999313354492,6955000,22.649999618530273,22.780000305175783,23.065000152587892,22.1707999420166,21.96280002593994,22.755666648017037,24.691833273569742,,22.82112760076115,22.455500030517577,24.147207367127045,20.76379269390811
2020-01-17,23.190000534057617,23.239999771118164,22.170000076293945,22.459999084472656,22.459999084472656,9408700,22.714999198913574,22.647999954223632,23.065000152587892,22.23919990539551,21.997000007629396,22.70799997117784,24.603916613260903,,22.55028121354478,22.52200002670288,24.09469619178673,20.94930386161903
2020-01-21,22.479999542236328,22.68000030517578,22.059999465942383,22.309999465942383,22.309999465942383,5275900,22.38499927520752,22.469999694824217,22.944000053405762,22.295599899291993,22.040400009155274,22.675333298577204,24.518333260218302,,22.37006990284298,22.576000022888184,24.031724246740218,21.12027579903615
2020-01-22,22.5,22.75,22.1299991607666,22.139999389648438,22.139999389648438,3964000,22.22499942779541,22.441999435424805,22.775,22.32559989929199,22.076399993896484,22.636666615804035,24.42433327039083,,22.197517017947074,22.607499980926512,23.99160355704821,21.223396404804813
2020-01-23,22.239999771118164,22.285999298095703,21.209999084472656,21.219999313354492,21.219999313354492,8073000,21.679999351501465,22.219999313354492,22.51999988555908,22.317999877929687,22.090799980163574,22.60033327738444,24.33449993133545,,21.46437873950264,22.59199991226196,24.03269610366029,21.151303720863634
2020-01-24,21.469999313354492,21.79599952697754,20.559999465942383,20.59000015258789,20.59000015258789,9070500,20.90499973297119,21.743999481201172,22.261999893188477,22.3131999206543,22.1,22.539111052619088,24.248833258946735,,20.80859479931658,22.55399990081787,24.16290187267208,20.945097928963662
2020-01-27,20.049999237060547,20.5,19.799999237060547,20.059999465942383,20.059999465942383,9400400,20.324999809265137,21.26399955749512,21.955999755859374,22.270399932861327,22.08719997406006,22.47066660987006,24.154416592915855,,20.247148299285932,22.45699987411499,24.40477207315181,20.509227675078172
2020-01-28,20.56999969482422,21.18000030517578,20.405000686645508,20.979999542236328,20.979999542236328,8438200,20.519999504089355,20.997999572753905,21.73399963378906,22.26039993286133,22.080799980163576,22.418111059400772,24.072249921162925,,20.796786731498727,22.405999851226806,24.454942562434614,20.357057140019
2020-01-29,21.219999313354492,21.273000717163086,20.479999542236328,20.799999237060547,20.799999237060547,7142800,20.889999389648438,20.729999542236328,21.585999488830566,22.231999893188476,22.06299995422363,22.363444391886393,23.989166577657063,,20.799196110670092,22.335499858856203,24.50624827717475,20.164751440537657
2020-01-30,20.6200008392334,20.729999542236328,20.110000610351562,20.639999389648438,20.639999389648438,6295300,20.719999313354492,20.613999557495116,21.416999435424806,22.196399841308594,22.01859992980957,22.31088882022434,23.898416566848756,,20.679798569903852,22.243499851226808,24.540741582143752,19.946258120309864
2020-01-31,20.510000228881836,20.780000686645508,20.200000762939453,20.729999542236328,20.729999542236328,5398800,20.684999465942383,20.641999435424804,21.19299945831299,22.17159980773926,21.970999908447265,22.272777705722383,23.814666557312012,,20.71744929915321,22.12899980545044,24.490658131933458,19.767341478967424
2020-02-03,20.780000686645508,21.100000381469727,20.264999389648438,20.979999542236328,20.979999542236328,6471900,20.854999542236328,20.825999450683593,21.044999504089354,22.13079978942871,21.966999893188476,22.24811102549235,23.729749886194863,,20.91436198146555,22.054999828338623,24.465237374717255,19.64476228195999
2020-02-04,21.549999237060547,23.59000015258789,21.549999237060547,23.25,23.25,20621100,22.114999771118164,21.27999954223633,21.13899955749512,22.18079978942871,21.997999877929686,22.25388880835639,23.663083219528197,,22.66609049536639,22.04149980545044,24.420002981203424,19.662996629697453
2020-02-05,23.360000610351562,23.65999984741211,22.530000686645508,23.309999465942383,23.309999465942383,12429000,23.27999973297119,21.781999588012695,21.25599956512451,22.2247998046875,22.044199867248537,22.26144436730279,23.600999879837037,,23.149022223298385,22.015499782562255,24.32196237997175,19.70903718515276
2020-02-06,23.399999618530273,23.479999542236328,22.540000915527344,22.649999618530273,22.649999618530273,7972400,22.979999542236328,22.183999633789064,21.39899959564209,22.231599807739258,22.073799858093263,22.267999924553767,23.538416544596355,,22.774755269722302,21.959499740600585,24.13740329394819,19.78159618725298
2020-02-07,22.610000610351562,23.06999969482422,22.5,22.989999771118164,22.989999771118164,4735000,22.81999969482422,22.63599967956543,21.63899955749512,22.230399780273437,22.083599853515626,22.259777704874676,23.47999987602234,,22.9361886457692,21.950499725341796,24.108739881296806,19.792259569386786
2020-02-10,23.1200008392334,27.889999389648438,23.0,26.540000915527344,26.540000915527344,61006000,24.765000343322754,23.747999954223634,22.286999702453613,22.393599853515624,22.172599868774412,22.300555483500162,23.441666555404662,,25.639047848087806,22.121499729156493,25.067914892829037,19.17508456548395
2020-02-11,24.549999237060547,26.030000686645508,24.329999923706055,25.979999542236328,25.979999542236328,22224000,26.260000228881836,24.293999862670898,22.786999702453613,22.49199981689453,22.239799842834472,22.328888808356393,23.403999884923298,,25.8947616186992,22.260499668121337,25.650109416546485,18.87088991969619
2020-02-12,26.049999237060547,26.3700008392334,24.8700008392334,25.809999465942383,25.809999465942383,9891700,25.894999504089355,24.793999862670898,23.2879997253418,22.571199798583983,22.299599838256835,22.338666576809352,23.362416553497315,,25.831190004131585,22.436999607086182,26.180075505956847,18.693923708215518
2020-02-13,25.450000762939453,26.65999984741211,25.259000778198242,26.549999237060547,26.549999237060547,9858900,26.179999351501465,25.57399978637695,23.878999710083008,22.68239974975586,22.38039981842041,22.3562221315172,23.32908322016398,,26.370296928828306,22.647999572753907,26.817193081564017,18.478806063943797
2020-02-14,27.0,28.3799991607666,26.6200008392334,27.989999771118164,27.989999771118164,17914500,27.269999504089355,26.57399978637695,24.60499973297119,22.87519973754883,22.48879981994629,22.377777693006728,23.311916557947793,,27.585074060545697,22.89899959564209,27.70554318357073,18.092456007713448
2020-02-18,28.100000381469727,29.3700008392334,27.31999969482422,27.579999923706055,27.579999923706055,14606500,27.78499984741211,26.781999588012695,25.264999771118163,23.053599700927734,22.607199821472168,22.3986665725708,23.283666563034057,,27.581268457915968,23.15499963760376,28.389438494383075,17.92056078082444
2020-02-19,27.84000015258789,28.34000015258789,27.40999984741211,27.5,27.5,7219000,27.539999961853027,27.08599967956543,25.689999771118163,23.225599670410155,22.701599807739257,22.4312221315172,23.26358323097229,,27.520317114478992,23.41449966430664,28.976875354648524,17.852123973964755
2020-02-20,27.56999969482422,28.075000762939453,26.520000457763672,27.489999771118164,27.489999771118164,10114800,27.494999885559082,27.421999740600587,26.107999801635742,23.433999633789064,22.801399803161623,22.471999910142685,23.24433323542277,,27.497579106958373,23.681999683380127,29.49522119697056,17.868778169789692
2020-02-21,29.670000076293945,29.700000762939453,27.700000762939453,28.440000534057617,28.440000534057617,18551000,27.96500015258789,27.8,26.686999893188478,23.678399658203126,22.910199813842773,22.499222140842015,23.231499910354614,,28.20439517728281,24.042999744415283,30.10391927045785,17.982080218372715
2020-02-24,27.079999923706055,28.3799991607666,26.34000015258789,27.920000076293945,27.920000076293945,11519500,28.18000030517578,27.786000061035157,27.179999923706056,23.876399688720703,23.02359981536865,22.535888799031575,23.22549991607666,,27.991098851541164,24.409499740600587,30.477734922850075,18.3412645583511
2020-02-25,28.059999465942383,28.299999237060547,26.219999313354492,26.75,26.75,11124600,27.335000038146973,27.620000076293945,27.20099983215332,24.047999725341796,23.143599815368653,22.55822213490804,23.20874991416931,,27.060274712885292,24.743999767303468,30.533891231541936,18.954108303065
2020-02-26,27.420000076293945,27.700000762939453,26.149999618530273,26.610000610351562,26.610000610351562,7564700,26.68000030517578,27.44200019836426,27.263999938964844,24.219999771118164,23.257799835205077,22.59122214847141,23.171583255132038,,26.722569135984998,25.02549982070923,30.58783406939511,19.463165572023346
2020-02-27,25.579999923706055,27.079999923706055,25.09000015258789,26.219999313354492,26.219999313354492,8718300,26.414999961853027,27.188000106811522,27.304999923706056,24.383199768066405,23.3543998336792,22.615888807508682,23.139999914169312,,26.34564176901212,25.296499824523927,30.509157995011304,20.08384165403655
2020-02-28,25.25,27.040000915527344,25.142000198364258,27.020000457763672,27.020000457763672,9927900,26.619999885559082,26.904000091552735,27.352000045776368,24.615199813842775,23.46659984588623,22.673777707417806,23.13699992497762,,26.851410785575784,25.615499877929686,30.39083810596143,20.840161649897944
2020-03-02,27.709999084472656,27.709999084472656,26.010000228881836,27.209999084472656,27.209999084472656,9163800,27.114999771118164,26.761999893188477,27.273999977111817,24.879999771118165,23.59659984588623,22.725222142537437,23.156083250045775,,27.12035200974844,25.939499855041504,30.16705623889702,21.71194347118599
2020-03-03,27.09000015258789,27.270000457763672,26.110000610351562,26.920000076293945,26.920000076293945,8929900,27.0649995803833,26.795999908447264,27.207999992370606,25.15439979553223,23.712399864196776,22.790666580200195,23.157499917348225,,26.970088059657567,26.236499881744386,29.775564987632613,22.69743477585616
2020-03-04,27.0,27.809999465942383,26.729999542236328,27.799999237060547,27.799999237060547,7931800,27.359999656677246,27.033999633789062,27.23799991607666,25.427199783325197,23.843799858093263,22.867999903361003,23.178749910990398,,27.5925214427098,26.463999843597414,29.772167970814824,23.155831716380003
2020-03-05,27.100000381469727,30.469999313354492,27.0,28.389999389648438,28.389999389648438,20713800,28.094999313354492,27.46799964904785,27.327999877929688,25.730799789428712,23.981399841308594,22.950333234998915,23.201833232243857,,28.19062990291378,26.717999839782713,29.777250646179922,23.658749033385504
2020-03-06,28.780000686645508,29.190000534057617,25.25,26.420000076293945,26.420000076293945,17042100,27.40499973297119,27.347999572753906,27.12599983215332,25.961999816894533,24.07919982910156,23.016555468241375,23.21791656812032,26.195555422041153,26.8626575329489,26.9064998626709,29.30320182883637,24.509797896505425
2020-03-09,24.329999923706055,25.049999237060547,23.1299991607666,24.889999389648438,24.889999389648438,10489100,25.65499973297119,26.883999633789063,26.82299976348877,26.128399810791016,24.149999809265136,23.054555469089085,23.20783322652181,26.119277646806506,25.383163925473553,27.00149984359741,28.82714509405708,25.175854593137743
2020-03-10,26.040000915527344,26.100000381469727,23.600000381469727,25.059999465942383,25.059999465942383,11114400,24.97499942779541,26.51199951171875,26.653999710083006,26.291599807739257,24.211199798583984,23.082999907599554,23.19816656112671,26.05172208150228,25.140790580825175,26.927499771118164,28.94210852241374,24.912891019822588
2020-03-11,24.799999237060547,25.280000686645508,22.860000610351562,23.6200008392334,23.6200008392334,9381500,24.34000015258789,25.67599983215332,26.35499973297119,26.306399841308593,24.243599815368654,23.087111028035483,23.180749909083048,25.98427765104506,24.000198274631344,26.80949983596802,29.282166957904995,24.336832714031043
2020-03-12,21.739999771118164,24.479999542236328,20.760000228881836,21.350000381469727,21.350000381469727,22313100,22.485000610351562,24.268000030517577,25.867999839782716,26.227999877929687,24.226399841308595,23.079888810051813,23.14433325131734,25.907333204481336,22.01254985476013,26.586499881744384,30.04617575697573,23.126824006513036
2020-03-13,21.020000457763672,21.020000457763672,15.899999618530273,19.59000015258789,19.59000015258789,49949500,20.47000026702881,22.90200004577637,25.124999809265137,26.10559989929199,24.168599853515627,23.05377769470215,23.096166578928628,25.809555435180663,20.19563757813095,26.238499927520753,30.903758837650898,21.573241017390608
2020-03-16,16.030000686645508,19.43000030517578,15.100000381469727,17.040000915527344,17.040000915527344,22321400,18.315000534057617,21.33200035095215,24.107999992370605,25.86759994506836,24.048999862670897,22.999333254496257,23.036833254496255,25.702833218044706,17.828910081178247,25.69099998474121,31.828572828219436,19.553427141262986
2020-03-17,17.049999237060547,21.3700008392334,16.760000228881836,19.899999618530273,19.899999618530273,21975500,18.47000026702881,20.300000381469726,23.40599994659424,25.601999893188477,23.99779987335205,22.98988880581326,23.009333244959514,25.60505543814765,19.382227234192268,25.306999969482423,31.89166790548789,18.722332033476956
2020-03-18,17.989999771118164,18.700000762939453,16.030000686645508,18.010000228881836,18.010000228881836,26186700,18.954999923706055,19.178000259399415,22.427000045776367,25.283199920654297,23.887599868774416,22.96622214847141,22.969999917348225,25.50205544365777,18.353056980209445,24.832499980926514,32.085575517016984,17.579424444836043
2020-03-19,18.670000076293945,21.6200008392334,17.850000381469727,21.010000228881836,21.010000228881836,42253700,19.510000228881836,19.110000228881837,21.689000129699707,25.091199951171873,23.831199874877928,22.973666593763564,22.956499926249187,25.415722115834555,20.345764416713738,24.508500003814696,31.84023961205238,17.176760395577013
2020-03-20,22.75,23.299999237060547,20.95199966430664,22.229999542236328,22.229999542236328,19419500,21.619999885559082,19.638000106811525,21.270000076293947,24.918399963378906,23.80039985656738,22.992888810899522,22.957916593551637,25.339222113291424,21.75894076085568,24.197999954223633,31.352536083398828,17.043463825048438
2020-03-23,22.829999923706055,24.979999542236328,21.8700008392334,24.75,24.75,18564100,23.489999771118164,21.179999923706056,21.256000137329103,24.78879997253418,23.831999855041502,23.044222153557673,22.966416597366333,25.279388777414958,24.00223519021392,24.039499950408935,30.98423007559031,17.09476982522756
2020-03-24,26.100000381469727,27.325000762939453,25.229999542236328,25.950000762939453,25.950000762939453,18741800,25.350000381469727,22.39000015258789,21.34500026702881,24.723600006103517,23.888599853515625,23.102555486891006,22.992083263397216,25.229111003875733,25.463059369758067,23.999499988555907,30.88747985170561,17.111520125406205
2020-03-25,26.0,27.739999771118164,25.3799991607666,25.8799991607666,25.8799991607666,14644100,25.914999961853027,23.963999938964843,21.57100009918213,24.65879997253418,23.94219982147217,23.15344437493218,23.01249992052714,25.174888780381945,25.775764213014465,23.96299991607666,30.800284462651685,17.125715369501638
2020-03-26,27.5,29.969999313354492,27.110000610351562,28.479999542236328,28.479999542236328,25945700,27.179999351501465,25.457999801635744,22.28400001525879,24.698399963378908,24.066199798583984,23.22888880835639,23.042083247502646,25.13761100769043,27.80394070993086,24.07599992752075,31.14124539430572,17.010754460735782
2020-03-27,27.75,29.540000915527344,26.31999969482422,28.579999923706055,28.579999923706055,17938500,28.52999973297119,26.727999877929687,23.182999992370604,24.703999938964845,24.191199798583984,23.29244435628255,23.07216658592224,25.101944340599907,28.38598512026226,24.153999900817873,31.3885113574988,16.919488444136945
2020-03-30,29.09000015258789,29.709999084472656,27.850000381469727,28.209999084472656,28.209999084472656,12831200,28.394999504089355,27.41999969482422,24.299999809265138,24.71559989929199,24.29599979400635,23.34911100599501,23.090166584650675,25.07127767139011,28.253995593420054,24.20399990081787,31.5405448993324,16.86745490230334
2020-03-31,28.360000610351562,28.440000534057617,26.520000457763672,26.84000015258789,26.84000015258789,11559500,27.524999618530273,27.597999572753906,24.993999862670897,24.71919990539551,24.38359981536865,23.411999893188476,23.099666579564413,25.027333227793374,27.19349901279593,24.19999990463257,31.53039459239223,16.86960521687291
2020-04-01,26.149999618530273,27.3700008392334,25.582000732421875,25.75,25.75,8348000,26.295000076293945,27.571999740600585,25.767999839782714,24.684799880981444,24.452399826049806,23.456999884711372,23.10949991544088,24.979277663760715,26.110874753198985,24.097499942779542,31.271607480609433,16.923392404949652
2020-04-02,25.479999542236328,26.25,23.559999465942383,24.260000228881836,24.260000228881836,11099800,25.005000114440918,26.727999877929687,26.092999839782713,24.606399917602538,24.49479984283447,23.493222109476726,23.113166586558023,24.928166559007433,24.722718859961123,23.89099998474121,30.776838240005162,17.00516172947726
2020-04-03,24.75,24.860000610351562,23.809999465942383,24.260000228881836,24.260000228881836,6540400,24.260000228881836,25.863999938964845,26.295999908447264,24.495999908447267,24.55559986114502,23.52755544450548,23.098749923706055,24.885166560279,24.37567988665166,23.782999992370605,30.56885509527911,16.997144889462103
2020-04-06,22.780000686645508,25.479999542236328,22.600000381469727,24.309999465942383,24.309999465942383,13454700,24.28499984741211,25.084000015258788,26.251999855041504,24.379999923706055,24.62999984741211,23.547666549682617,23.096166578928628,24.84633322821723,24.326419571119704,23.753999996185303,30.524876497059445,16.983123495311162
2020-04-07,24.329999923706055,24.700000762939453,22.920000076293945,23.479999542236328,23.479999542236328,21658200,23.894999504089355,24.411999893188476,26.004999732971193,24.24239990234375,24.69839984893799,23.56311098734538,23.085666577021282,24.79205544789632,23.691604549457175,23.675,30.418531363637758,16.931468636362244
2020-04-08,23.899999618530273,25.079999923706055,23.3700008392334,24.899999618530273,24.899999618530273,10145100,24.1899995803833,24.24199981689453,25.906999778747558,24.12639991760254,24.776799850463867,23.588444307115342,23.096166578928628,24.741833231184216,24.597900851261997,23.738999938964845,30.504593261259227,16.973406616670463
2020-04-09,24.790000915527344,25.850000381469727,24.260000228881836,24.700000762939453,24.700000762939453,9968900,24.800000190734863,24.329999923706055,25.528999900817873,23.97879997253418,24.854799880981446,23.60933320787218,23.101999918619793,24.689611021677653,24.67447578502009,23.90649995803833,30.588416328801227,17.224583587275436
2020-04-13,24.06999969482422,24.989999771118164,23.354999542236328,24.959999084472656,24.959999084472656,10783800,24.829999923706055,24.469999694824217,25.16699981689453,23.92039993286133,24.94119987487793,23.636555417378744,23.12824991544088,24.64094434314304,24.888618259609512,24.174999904632568,30.55117060408105,17.798829205184084
2020-04-14,26.0,26.450000762939453,25.260000228881836,25.31999969482422,25.31999969482422,10432600,25.139999389648438,24.671999740600587,24.87799987792969,23.93759994506836,25.032999877929687,23.6671109729343,23.15108324686686,24.592222118377684,25.21215433602054,24.588999843597414,30.01968790121858,19.158311785976245
2020-04-15,25.170000076293945,28.09000015258789,24.579999923706055,28.030000686645508,28.030000686645508,18216500,26.675000190734863,25.58199996948242,24.99699993133545,24.056399993896484,25.173999900817872,23.737888760036892,23.209416580200195,24.56455546485053,27.325539098989267,24.995499897003175,30.158886964136705,19.832112829869644
2020-04-16,27.760000228881836,30.0,27.389999389648438,29.3799991607666,29.3799991607666,32865900,28.704999923706055,26.477999877929687,25.35999984741211,24.286799926757812,25.296599884033203,23.811222076416016,23.280583238601686,24.54677767223782,28.866384145322268,25.56399984359741,29.931354165429333,21.19664552176549
2020-04-17,28.399999618530273,28.969999313354492,27.059999465942383,28.100000381469727,28.100000381469727,16279700,28.739999771118164,27.157999801635743,25.743999862670897,24.55679992675781,25.39239990234375,23.87344430287679,23.33991657892863,24.517222128974065,28.291596322432863,25.918499851226805,29.859631242300022,21.97736846015359
2020-04-20,28.65999984741211,30.200000762939453,28.360000610351562,29.25,29.25,23160600,28.675000190734863,28.01599998474121,26.242999839782716,24.943199920654298,25.524399909973145,23.942888747321234,23.413166586558024,24.50194435119629,29.010399080608213,26.26949987411499,30.075569609311252,22.46343013891873
2020-04-21,29.5,30.100000381469727,25.93000030517578,26.459999084472656,26.459999084472656,20504500,27.854999542236328,28.243999862670897,26.457999801635744,25.31999984741211,25.593799896240235,23.989666514926487,23.45474991798401,24.47744434144762,27.097599083506548,26.354999828338624,30.093575343068572,22.616424313608675
2020-04-22,27.170000076293945,27.200000762939453,26.1200008392334,26.15999984741211,26.15999984741211,9656300,26.309999465942383,27.86999969482422,26.72599983215332,25.570399856567384,25.58619987487793,24.049777624342177,23.485249916712444,24.448388788435196,26.394399656435716,26.365499782562257,30.10046384060591,22.6305357245186
2020-04-23,26.329999923706055,27.489999771118164,26.020000457763672,26.530000686645508,26.530000686645508,14308600,26.34500026702881,27.3,26.888999938964844,25.91119987487793,25.597199897766114,24.11233319176568,23.512583255767822,24.424444346957735,26.49610042909306,26.397999858856203,30.12648249195221,22.669517225760195
2020-04-24,27.0,27.18000030517578,25.6200008392334,26.059999465942383,26.059999465942383,10946000,26.295000076293945,26.891999816894533,27.024999809265136,26.113199844360352,25.602199897766113,24.164222081502277,23.546416584650675,24.398277674780953,26.169024706730053,26.276999855041502,29.87580724830886,22.678192461774145
2020-04-27,26.3799991607666,27.8700008392334,26.3799991607666,27.309999465942383,27.309999465942383,12846500,26.684999465942383,26.503999710083008,27.25999984741211,26.316399841308595,25.61739990234375,24.22977763281928,23.591166575749714,24.374833223554823,27.0247557761393,26.21349983215332,29.683729717680745,22.743269946625897
2020-04-28,28.5,28.5,26.149999618530273,26.8799991607666,26.8799991607666,13150300,27.094999313354492,26.587999725341795,27.415999794006346,26.40159980773926,25.59519989013672,24.298333189222546,23.63233323097229,24.35316654841105,26.916188314609776,26.146999835968018,29.50530832398033,22.788691347955705
2020-04-29,26.299999237060547,27.329999923706055,25.020000457763672,27.06999969482422,27.06999969482422,12889700,26.97499942779541,26.769999694824218,27.31999969482422,26.446399765014647,25.584999885559082,24.364333195156522,23.684999895095824,24.330388768514,27.03154684977061,26.158499813079835,29.528355497612953,22.788644128546718
2020-04-30,27.020000457763672,27.6299991607666,26.260000228881836,26.690000534057617,26.690000534057617,10559600,26.880000114440918,26.801999664306642,27.05099983215332,26.47879981994629,25.568799896240236,24.424999872843426,23.739583237965903,24.30505543814765,26.775387112985868,26.205499839782714,29.57758636262121,22.833413316944217
2020-05-01,26.18000030517578,26.8799991607666,25.31999969482422,26.3799991607666,26.3799991607666,8070400,26.53499984741211,26.865999603271483,26.878999710083008,26.3947998046875,25.546599884033203,24.479110972086588,23.78991656303406,24.280722098880343,26.478846148821418,26.311499786376952,29.556994062628636,23.06600551012527
2020-05-04,26.549999237060547,27.450000762939453,26.15999984741211,27.200000762939453,27.200000762939453,6978300,26.789999961853027,26.8439998626709,26.673999786376953,26.339599838256834,25.52179988861084,24.5421109729343,23.84574990272522,24.26427765952216,27.019712109409944,26.458499813079833,29.57657818910951,23.340421437050153
2020-05-05,27.649999618530273,27.8799991607666,26.829999923706055,27.290000915527344,27.290000915527344,6912300,27.2450008392334,26.92600021362305,26.756999969482422,26.302799911499022,25.50919990539551,24.60811097886827,23.905416584014894,24.24922210905287,27.222428713997992,26.607499885559083,29.574432752140275,23.64056701897789
2020-05-06,27.5,28.190000534057617,27.329999923706055,27.6299991607666,27.6299991607666,6964100,27.460000038146973,27.038000106811523,26.903999900817873,26.33439987182617,25.52679988861084,24.670666525099012,23.963166570663454,24.229722107781303,27.52810654907445,26.814999866485596,29.419283869266774,24.21071586370442
2020-05-07,28.0,30.06999969482422,27.899999618530273,29.950000762939453,29.950000762939453,20940900,28.789999961853027,27.690000152587892,27.245999908447267,26.50239990234375,25.5935998916626,24.758999866909452,24.03524991671244,24.226666556464302,29.344527209473203,27.067499923706055,29.8622988953711,24.27270095204101
2020-05-08,30.940000534057617,31.690000534057617,30.18000030517578,31.15999984741211,31.15999984741211,24750900,30.55500030517578,28.64600028991699,27.755999946594237,26.778399887084962,25.69239990234375,24.858444319831,24.114166577657063,24.228666559855142,30.706131687927385,27.390499877929688,30.507809955809044,24.273189800050332
2020-05-11,31.040000915527344,31.920000076293945,30.059999465942383,31.260000228881836,31.260000228881836,19915700,31.210000038146973,29.45800018310547,28.151000022888184,27.05839988708496,25.777199897766113,24.955999883015952,24.184166574478148,24.232611009809705,31.121533093643226,27.705499935150147,31.05339489721604,24.357604973084253
2020-05-12,31.799999237060547,32.150001525878906,30.389999389648438,31.010000228881836,31.010000228881836,16481000,31.135000228881836,30.202000045776366,28.564000129699707,27.32639991760254,25.853199920654298,25.044777658250595,24.249999904632567,24.23794434865316,31.037883445072186,27.989999961853027,31.44954689618974,24.530453027516312
2020-05-13,31.270000457763672,31.961000442504883,29.200000762939453,30.200000762939453,30.200000762939453,20129000,30.605000495910645,30.716000366210938,28.87700023651123,27.595199966430663,25.918799934387206,25.130777676900227,24.325166575113933,24.23366657892863,30.40947143347264,28.098499965667724,31.69666520493053,24.50033472640492
2020-05-14,29.899999618530273,31.729999542236328,29.709999084472656,31.65999984741211,31.65999984741211,12443100,30.93000030517578,31.05800018310547,29.37400016784668,27.865599975585937,25.99599994659424,25.221222114562988,24.40816656748454,24.24338880115085,31.34736774392724,28.2125,32.11336058621096,24.31163941378904
2020-05-15,31.799999237060547,32.849998474121094,31.110000610351562,31.329999923706055,31.329999923706055,14103800,31.494999885559082,31.092000198364257,29.869000244140626,28.1307999420166,26.054799957275392,25.304555447896323,24.494249900182087,24.25188880496555,31.334341878761354,28.373999977111815,32.515291232518244,24.232708721705386
2020-05-18,31.280000686645508,31.400999069213867,28.719999313354492,29.0,29.0,16959300,30.164999961853027,30.64000015258789,30.04900016784668,28.292399978637697,26.106399955749513,25.36266655392117,24.559499899546307,24.246444363064235,29.58358546969034,28.361499977111816,32.493156150292336,24.229843803931296
2020-05-19,29.559999465942383,30.440000534057617,29.020000457763672,29.690000534057617,29.690000534057617,10367300,29.34500026702881,30.376000213623048,30.28900012969971,28.46720001220703,26.202399978637697,25.435111003451876,24.619416570663454,24.2522777027554,29.6633967679658,28.523000049591065,32.593764379747206,24.452235719434924
2020-05-20,30.239999771118164,31.378999710083008,30.06999969482422,31.350000381469727,31.350000381469727,8869400,30.520000457763672,30.6060001373291,30.66100025177002,28.6,26.328199996948243,25.526555442810057,24.696583239237466,24.266666592491998,30.928349478093743,28.782500076293946,32.88061739100036,24.68438276158754
2020-05-21,31.5,32.08000183105469,30.670000076293945,31.639999389648438,31.639999389648438,9152000,31.494999885559082,30.602000045776368,30.830000114440917,28.690400009155272,26.488599967956542,25.620333205329047,24.77174989382426,24.269833257463244,31.462086911759766,29.03800001144409,33.18173671138123,24.89426331150695
2020-05-22,32.0099983215332,32.08000183105469,31.06999969482422,31.709999084472656,31.709999084472656,12007100,31.674999237060547,30.677999877929686,30.885000038146973,28.83479995727539,26.695799942016603,25.725110965304903,24.84583322207133,24.279277695549858,31.648021041294434,29.320499992370607,33.37889214859819,25.262107836143024
2020-05-26,32.040000915527344,33.2859992980957,31.610000610351562,32.40999984741211,32.40999984741211,15961500,32.05999946594238,31.35999984741211,31.0,28.961199951171874,26.952199935913086,25.837110964457192,24.928333218892416,24.307222143809,32.21950514588269,29.575500011444092,33.74146472661414,25.40953529627404
2020-05-27,32.29999923706055,32.400001525878906,30.420000076293945,32.11000061035156,32.11000061035156,14407600,32.260000228881836,31.8439998626709,31.11000003814697,29.187200012207033,27.25359992980957,25.938666534423827,25.00783322652181,24.347166591220432,32.137376744234345,29.83700008392334,33.946752726753246,25.727247441093436
2020-05-28,32.220001220703125,33.72999954223633,31.93000030517578,32.540000915527344,32.540000915527344,11724000,32.32500076293945,32.081999969482425,31.34400005340576,29.44240005493164,27.50639995574951,26.05066655476888,25.098499902089436,24.37933326297336,32.4393448727041,30.110500144958497,34.17269280940327,26.04830748051372
2020-05-29,33.7400016784668,35.11000061035156,33.27000045776367,35.04999923706055,35.04999923706055,33704300,33.795000076293945,32.763999938964844,31.682999992370604,29.78319999694824,27.847199935913086,26.192222107781305,25.20074989000956,24.433777703179253,34.39733564597144,30.528500080108643,34.822585331182324,26.234414829034957
2020-06-01,35.58000183105469,37.34000015258789,35.22999954223633,37.18000030517578,37.18000030517578,18397000,36.114999771118164,33.85800018310547,32.26800003051758,30.228000030517578,28.170599937438965,26.35933322906494,25.323083225886027,24.497999922434488,36.48433414037469,31.068500137329103,35.85414628106252,26.28285399359569
2020-06-02,38.77000045776367,38.900001525878906,36.18000030517578,38.380001068115234,38.380001068115234,37203800,37.78000068664551,35.05200042724609,33.2060001373291,30.67080009460449,28.49359996795654,26.54999991522895,25.451249901453654,24.575166596306694,37.9060843361801,31.627500152587892,37.07639344286526,26.178606862310524
2020-06-03,38.439998626708984,39.9900016784668,38.0,39.900001525878906,39.900001525878906,26184600,39.14000129699707,36.61000061035156,34.22700023651123,31.191600189208984,28.79659999847412,26.764555486043296,25.598333247502644,24.651833269331192,39.401522228454205,32.258000183105466,38.45985651796943,26.0561438482415
2020-06-04,40.0,40.06999969482422,37.66999816894531,37.939998626708984,37.939998626708984,55102700,38.920000076293945,37.69000015258789,34.886000061035155,31.626400146484375,29.036399955749513,26.963222143385146,25.741583236058553,24.716944376627605,38.30537952714529,32.77350015640259,39.068882973955965,26.478117338849216
2020-06-05,31.770000457763672,33.599998474121094,30.520000457763672,32.560001373291016,32.560001373291016,91772500,35.25,37.19200057983399,34.978000259399415,31.86120018005371,29.17,27.091888830396865,25.838749917348228,24.754999944898817,33.99634591175458,32.904000186920165,39.05959824908741,26.74840212475292
2020-06-08,32.220001220703125,32.290000915527344,30.549999237060547,32.0099983215332,32.0099983215332,37757600,32.28499984741211,36.15800018310547,35.008000183105466,32.08640014648437,29.240599975585937,27.216444375779894,25.927249908447266,24.789944383833145,32.50658521908855,32.94650011062622,39.06301215280149,26.829988068450945
2020-06-09,31.799999237060547,32.0,30.850000381469727,31.31999969482422,31.31999969482422,17851600,31.66499900817871,34.74599990844727,34.89900016784668,32.251200103759764,29.2953999710083,27.3351110458374,26.009833240509032,24.82299993303087,31.6166460758903,32.94950008392334,39.06258716130846,26.83641300653822
2020-06-10,31.81999969482422,32.599998474121094,31.329999923706055,32.470001220703125,32.470001220703125,20476200,31.895000457763672,33.25999984741211,34.93500022888183,32.458400115966796,29.38060001373291,27.465555508931477,26.107833258310954,24.86916660732693,32.25666243449992,33.022500133514406,39.07261346871834,26.972386798310477
2020-06-11,31.690000534057617,32.75,29.68000030517578,30.34000015258789,30.34000015258789,27085800,31.405000686645508,31.74000015258789,34.71500015258789,32.56680015563965,29.45060001373291,27.569555515713162,26.18458326657613,24.908833270602756,30.8191657230659,33.02950010299683,39.06617246032432,26.99282774566934
2020-06-12,31.100000381469727,31.229999542236328,29.540000915527344,30.860000610351562,30.860000610351562,18785700,30.600000381469727,31.4,34.29600028991699,32.603200149536136,29.55280002593994,27.654111078050402,26.26483327547709,24.953999943203396,30.849791888530145,32.9895001411438,39.07478713642149,26.904213145866105
2020-06-15,30.0,31.149999618530273,29.65999984741211,30.8700008392334,30.8700008392334,17141400,30.86500072479248,31.17200050354004,33.66500034332275,32.59160018920898,29.685000038146974,27.73811109330919,26.342833280563354,24.99977773030599,30.864948601557582,32.966500186920165,39.081600839911,26.851399533929335
2020-06-16,31.110000610351562,32.60499954223633,30.65999984741211,32.36000061035156,32.36000061035156,20961400,31.61500072479248,31.38000068664551,33.06300029754639,32.63560020446777,29.84700004577637,27.845999993218317,26.433083279927573,25.056999958886042,31.986237608153065,33.13450021743775,38.96895150684934,27.30004892802615
2020-06-17,32.58000183105469,33.34000015258789,32.209999084472656,32.400001525878906,32.400001525878906,19369800,32.380001068115234,31.366000747680665,32.31300029754639,32.691200256347656,30.008800086975096,27.950555568271213,26.52516662279765,25.105166636572942,32.29656054644745,33.270000267028806,38.88954527147564,27.650455262581968
2020-06-18,32.0,34.66999816894531,31.889999389648438,34.220001220703125,34.220001220703125,27456100,33.310001373291016,32.14200096130371,31.941000556945802,32.8520002746582,30.223600120544432,28.03588890499539,26.626999966303508,25.168222194247775,33.7391410521392,33.41350030899048,38.97286160856705,27.854139009413903
2020-06-19,32.560001373291016,34.09000015258789,32.04999923706055,33.130001068115234,33.130001068115234,41767000,33.67500114440918,32.596001052856444,31.99800052642822,32.91080032348633,30.388200149536132,28.115333366394044,26.71974997520447,25.222111087375218,33.28228606412123,33.48800039291382,38.986898403853814,27.989102381973822
2020-06-22,33.25,34.209999084472656,33.150001525878906,34.209999084472656,34.209999084472656,19928400,33.670000076293945,33.264000701904294,32.21800060272217,33.02600028991699,30.578400115966797,28.208666695488823,26.819749975204466,25.273666636149088,33.978070829384805,33.61300039291382,39.05508629907562,28.170914486752014
2020-06-23,34.34000015258789,34.349998474121094,33.11000061035156,34.040000915527344,34.040000915527344,20378000,34.125,33.60000076293945,32.49000072479248,33.22760032653809,30.760000152587892,28.291888936360678,26.916083319981894,25.32405553393894,34.024518393991706,33.69450044631958,39.10948344687501,28.27951744576415
2020-06-24,33.900001525878906,34.275001525878906,31.670000076293945,31.969999313354492,31.969999313354492,27224600,33.00500011444092,33.51400032043457,32.44000053405762,33.31880027770996,30.893000144958496,28.336111153496635,26.990666643778482,25.356944423251683,32.4836290835138,33.687500381469725,39.1114623955174,28.26353836742205
2020-06-25,32.31999969482422,33.08000183105469,31.163999557495117,32.81999969482422,32.81999969482422,24371800,32.394999504089355,33.234000015258786,32.68800048828125,33.37760025024414,30.98880012512207,28.394333373175726,27.07699998219808,25.396499972873265,32.73590704199661,33.70150032043457,39.11442561414979,28.28857502671935
2020-06-26,32.7400016784668,33.560001373291016,31.760000228881836,32.529998779296875,32.529998779296875,38308100,32.67499923706055,33.11399955749512,32.85500030517578,33.41320022583008,31.051800117492675,28.450222248501248,27.152083301544188,25.44072219000922,32.58147584497181,33.575500297546384,38.973556624844875,28.17744397024789
2020-06-29,32.15999984741211,32.529998779296875,30.149999618530273,30.8700008392334,30.8700008392334,20315700,31.699999809265137,32.44599990844726,32.85500030517578,33.379600296020506,31.10720012664795,28.48777781592475,27.21074997584025,25.479888863033718,31.297869590668004,33.26000032424927,38.50648907259951,28.01351157589903
2020-06-30,30.969999313354492,31.459999084472656,30.700000762939453,31.09000015258789,31.09000015258789,12488500,30.980000495910645,31.855999755859376,32.728000259399415,33.32680030822754,31.144000129699705,28.517222256130644,27.27174997329712,25.50822219848633,31.14196751210792,32.8955002784729,37.6324568263129,28.158543730632907
2020-07-01,30.799999237060547,31.270000457763672,30.579999923706055,31.059999465942383,31.059999465942383,11380000,31.074999809265137,31.673999786376953,32.594000053405765,33.28480026245117,31.2360001373291,28.552111138237848,27.337499968210857,25.54399996863471,31.080491477483765,32.45350017547607,35.91708034431853,28.989920006633614
2020-07-02,31.139999389648438,31.360000610351562,30.09000015258789,30.309999465942383,30.309999465942383,16944700,30.684999465942383,31.171999740600587,32.202999877929685,33.19560020446777,31.319000129699706,28.59166668785943,27.397416623433433,25.574944411383736,30.50262246882773,32.07200021743775,34.52427850121772,29.61972193365777
